{
    "Date": 131752851619025226,
    "UserID": 0,
    "PRS": [
        0.7177226543426514,
        0.6809036135673523
    ],
    "QRS": [
        2.6970720291137697,
        0.6541691422462463
    ]
},
{
    "Date": 131752853054644577,
    "UserID": 1,
    "PRS": [
        0.9249277114868164,
        0.34053051471710207
    ],
    "QRS": [
        0.7989614605903626,
        0.254831463098526
    ]
}