{ 
 "TestData":[  
 {
    "Date": "7/10/2018 1:14:35 PM",
    "UserID": 2,
    "Maze": 0,
    "PRS": [
        0.5997501015663147,
        0.46893948316574099
    ],
    "QRS": [
        0.4438152611255646,
        0.28668805956840517
    ]
} 
 
 ] 
 }